{"content":[{"id":"aecafb2","settings":{"background_background":"classic","background_repeat":"no-repeat","background_repeat_mobile":"no-repeat","background_hover_transition":{"unit":"px","size":0,"sizes":[]},"shape_divider_top_width":{"unit":"%","size":100,"sizes":[]},"shape_divider_top_height":{"unit":"px","size":11,"sizes":[]},"content_width":{"unit":"px","size":500,"sizes":[]},"column_position":"stretch","margin_mobile":{"unit":"px","top":"-5","right":0,"bottom":"-5","left":0,"isLinked":true},"overflow":"hidden","background_color":"#FFFFFF","background_size":"initial","background_position":"top center","layout":"full_width","background_position_mobile":"top right","background_xpos":{"unit":"px","size":18,"sizes":[]},"background_ypos":{"unit":"px","size":-55,"sizes":[]}},"elements":[{"id":"558613b8","settings":{"_column_size":100,"_inline_size":null},"elements":[{"id":"2a7fe2d6","settings":{"title":"<br><br><br><br>DESCUBRA A TOXINA REC\u00c9M DESCOBERTA PELA CI\u00caNCIA QUE FAZ VOC\u00ca  CRIAR REPULSA DO CIGARRO E NUNCA MAIS QUERER FUMAR<br><br>","size":"large","align":"center","title_color":"#0B0366","typography_typography":"custom","typography_font_size_mobile":{"unit":"px","size":20,"sizes":[]},"typography_font_weight":"700","text_shadow_text_shadow_type":"yes","text_shadow_text_shadow":{"horizontal":0,"vertical":0,"blur":1,"color":"#000000"},"typography_font_size":{"unit":"px","size":31,"sizes":[]}},"elements":[],"isInner":false,"widgetType":"heading","elType":"widget"},{"id":"63367fcd","settings":{"youtube_url":"https:\/\/www.youtube.com\/watch?v=mPZkdNFkNps","vimeo_url":"<iframe src=\"https:\/\/player.vimeo.com\/video\/672785211?h=063b0457e6\" width=\"640\" height=\"360\" frameborder=\"0\" allow=\"autoplay; fullscreen; picture-in-picture\" allowfullscreen><\/iframe>","dailymotion_url":"https:\/\/www.dailymotion.com\/video\/x6tqhqb","_margin":{"unit":"px","top":"9","right":"9","bottom":"9","left":"9","isLinked":true},"_padding":{"unit":"px","top":"0","right":"0","bottom":"0","left":"0","isLinked":true},"_border_color":"#19025DF7","color":"#FFFFFF","css_filters_css_filter":"custom","_margin_mobile":{"unit":"px","top":"-5","right":"-5","bottom":"-5","left":"-5","isLinked":true},"_border_radius_mobile":{"unit":"px","top":"0","right":"0","bottom":"0","left":"0","isLinked":true},"_box_shadow_box_shadow_type":"yes","_box_shadow_box_shadow":{"horizontal":0,"vertical":0,"blur":10,"spread":0,"color":"rgba(0, 0, 0, 0)"},"play_on_mobile":"yes","vimeo_title":"","vimeo_portrait":"","vimeo_byline":"","image_overlay":{"id":64,"url":"https:\/\/cigarrozero.online\/wp-content\/uploads\/2022\/02\/placeholder-1.png"},"_padding_mobile":{"unit":"px","top":"0","right":"0","bottom":"0","left":"0","isLinked":true},"autoplay":"yes","_background_background":"classic","_background_color":"#160776","_border_border":"solid","_border_radius":{"unit":"px","top":"6","right":"6","bottom":"6","left":"6","isLinked":true},"external_url":{"url":"https:\/\/testedohigao.wistia.com\/medias\/b8c1vv5vam","is_external":"","nofollow":"","custom_attributes":""},"video_type":"vimeo"},"elements":[],"isInner":false,"widgetType":"video","elType":"widget"},{"id":"48b938f","settings":{"text":"QUERO PARAR DE SENTIR VONTADE DE FUMAR EM 48 HORAS","link":{"url":"","is_external":"","nofollow":"","custom_attributes":""},"align_mobile":"center","size":"lg","border_radius":{"unit":"px","top":"0","right":"0","bottom":"0","left":"0","isLinked":true},"_animation":"fadeIn","_animation_mobile":"fadeIn","_margin_mobile":{"unit":"px","top":"0","right":"0","bottom":"0","left":"0","isLinked":true},"align":"center","background_color":"#03A134"},"elements":[],"isInner":false,"widgetType":"button","elType":"widget"},{"id":"a4560bb","settings":{"editor":"<section class=\"elementor-section elementor-top-section elementor-element elementor-element-7d3a494 elementor-section-boxed elementor-section-height-default elementor-section-height-default\" data-id=\"7d3a494\" data-element_type=\"section\" data-settings=\"{&quot;background_background&quot;:&quot;classic&quot;}\"><div class=\"elementor-container elementor-column-gap-default\"><div class=\"elementor-column elementor-col-100 elementor-top-column elementor-element elementor-element-9da5d8b\" data-id=\"9da5d8b\" data-element_type=\"column\"><div class=\"elementor-widget-wrap elementor-element-populated\"><div class=\"elementor-element elementor-element-7d76610 elementor-widget elementor-widget-text-editor\" data-id=\"7d76610\" data-element_type=\"widget\" data-widget_type=\"text-editor.default\"><div class=\"elementor-widget-container\"><p>Todos os direitos reservados.<\/p><p>\u00a0<\/p><p>Este site n\u00e3o \u00e9 afiliado ao Facebook ou a qualquer entidade do Facebook. Depois que voc\u00ea sair do Facebook, a responsabilidade n\u00e3o \u00e9 deles e sim do nosso site. Fazemos todos os esfor\u00e7os para indicar claramente e mostrar todas as provas do produto e usamos resultados reais.<\/p><\/div><\/div><\/div><\/div><\/div><\/section>","align":"center","typography_typography":"custom","typography_font_family":"Roboto","typography_font_size":{"unit":"px","size":12,"sizes":[]},"typography_font_weight":"400"},"elements":[],"isInner":false,"widgetType":"text-editor","elType":"widget"}],"isInner":false,"elType":"column"}],"isInner":false,"elType":"section"}],"page_settings":{"hide_title":"yes","background_background":"classic","background_color":"#FFFFFF"},"version":"0.4","title":"OP\u00c7\u00c3OTEMPLATE2 - SEM COMENT\u00c1RIOS","type":"page"}